Keyword,Steep Category,UX/UI Theme
Inclusive UX,Social,Diverse User Needs
Inclusive UX,Social,Accessibility & Usability
Microinteraction,Social,Emotional/Behavioral Cues
UX Patterns,Social,Rising scrutiny of dark UX
Personalized Interfaces,Social,Context-Aware Personalization
AI in UX,Technological,Emotionally Intelligent AI Interfaces
AI in UX,Technological,Ethics & Human-Centered AI
Adaptive Interfaces,Technological,Sensory & Contextual Recognition
Responsive Design Systems,Technological,"Adaptive, Inclusive UX Systems"
UX ROI,Economic,Reframing UX ROI Beyond Money
Sustainable UX,Environmental,Trust Badges
Sustainable UX,Environmental,Green Nudges
GDPR,Political,Regulated UX
Design Systems,Technological,"Design systems are shifting from static visuals to responsive, ethical, context-aware aesthetics"
